what,kind,bundleId,bundleVersion,description,time
stopped,bundle,org.jboss.tools.jsf.vpe.ajax4jsf,3.3.0.v20111213-1958-H41-M5,"org.jboss.tools.jsf.vpe.ajax4jsf",1381633999702
stopped,bundle,org.jboss.tools.jsf.vpe.jbpm,3.3.0.v20111213-1958-H41-M5,"org.jboss.tools.jsf.vpe.jbpm",1381633999702
stopped,bundle,org.jboss.tools.jsf.vpe.jstl,3.3.0.v20111213-1958-H41-M5,"org.jboss.tools.jsf.vpe.jstl",1381633999702
stopped,bundle,org.jboss.tools.jsf.vpe.richfaces,3.3.0.v20111213-1958-H41-M5,"org.jboss.tools.jsf.vpe.richfaces",1381633999702
stopped,bundle,org.jboss.tools.jsf.vpe.seam,3.3.0.v20111213-1958-H41-M5,"org.jboss.tools.jsf.vpe.seam",1381633999702
stopped,bundle,org.jboss.tools.jsf.vpe.jsf,3.3.0.v20111213-1958-H41-M5,"org.jboss.tools.jsf.vpe.jsf",1381633999702
stopped,bundle,org.jboss.tools.jsf,3.3.0.v20111213-1958-H41-M5,"org.jboss.tools.jsf",1381633999702
stopped,bundle,org.jboss.tools.jsf.vpe.facelets,3.3.0.v20111213-1958-H41-M5,"org.jboss.tools.jsf.vpe.facelets",1381633999702
stopped,bundle,org.jboss.tools.jsf.vpe.myfaces,3.3.0.v20111213-1958-H41-M5,"org.jboss.tools.jsf.vpe.myfaces",1381633999702
stopped,bundle,org.jboss.tools.struts.vpe.struts,3.3.0.v20111207-0022-H37-M5,"org.jboss.tools.struts.vpe.struts",1381633999702
stopped,bundle,org.jboss.tools.vpe.docbook,3.3.0.v20111208-2357-H33-M5,"org.jboss.tools.vpe.docbook",1381633999702
stopped,bundle,org.jboss.tools.vpe.html,3.3.0.v20111208-2357-H33-M5,"org.jboss.tools.vpe.html",1381633999702
stopped,bundle,org.jboss.tools.vpe.jsp,3.3.0.v20111208-2357-H33-M5,"org.jboss.tools.vpe.jsp",1381633999702
stopped,bundle,org.jboss.tools.vpe.spring,3.3.0.v20111208-2357-H33-M5,"org.jboss.tools.vpe.spring",1381633999702
stopped,bundle,org.jboss.tools.vpe,3.3.0.v20111208-2357-H33-M5,"org.jboss.tools.vpe",1381633999702
stopped,bundle,org.jboss.tools.jst.css,3.3.0.v20111208-2115-H35-M5,"org.jboss.tools.jst.css",1381633999702
stopped,bundle,org.jboss.tools.jst.web.tiles.ui,3.3.0.v20111208-2115-H35-M5,"org.jboss.tools.jst.web.tiles.ui",1381633999702
stopped,bundle,org.jboss.tools.seam.ui.pages,3.3.0.v20111207-1453-H52-M5,"org.jboss.tools.seam.ui.pages",1381633999702
stopped,bundle,org.jboss.tools.seam.xml.ui,3.3.0.v20111207-1453-H52-M5,"org.jboss.tools.seam.xml.ui",1381633999702
stopped,bundle,org.jboss.tools.struts.validator.ui,3.3.0.v20111207-0022-H37-M5,"org.jboss.tools.struts.validator.ui",1381633999702
stopped,bundle,org.jboss.tools.struts.ui,3.3.0.v20111207-0022-H37-M5,"org.jboss.tools.struts.ui",1381633999702
stopped,bundle,org.jboss.tools.jst.web.ui,3.3.0.v20111208-2115-H35-M5,"org.jboss.tools.jst.web.ui",1381633999702
stopped,bundle,org.jboss.tools.vpe.ui.palette,3.3.0.v20111208-2357-H33-M5,"org.jboss.tools.vpe.ui.palette",1381633999702
stopped,bundle,org.jboss.tools.jst.jsp,3.3.0.v20111208-2115-H35-M5,"org.jboss.tools.jst.jsp",1381633999702
stopped,bundle,org.jboss.tools.struts.text.ext,3.3.0.v20111207-0022-H37-M5,"org.jboss.tools.struts.text.ext",1381633999702
stopped,bundle,org.jboss.tools.jst.text.ext,3.3.0.v20111208-2115-H35-M5,"org.jboss.tools.jst.text.ext",1381633999718
stopped,bundle,org.jboss.tools.jst.web.kb,3.3.0.v20111208-2115-H35-M5,"org.jboss.tools.jst.web.kb",1381633999718
stopped,bundle,org.jboss.tools.common.el.ui,3.3.0.v20111208-2036-H34-M5,"org.jboss.tools.common.el.ui",1381633999718
stopped,bundle,org.jboss.tools.vpe.resref,3.3.0.v20111208-2357-H33-M5,"org.jboss.tools.vpe.resref",1381633999718
stopped,bundle,org.jboss.tools.common.resref.ui,3.3.0.v20111208-2036-H34-M5,"org.jboss.tools.common.resref.ui",1381633999718
stopped,bundle,org.jboss.tools.common.verification.ui,3.3.0.v20111208-2036-H34-M5,"org.jboss.tools.common.verification.ui",1381633999718
stopped,bundle,org.jboss.tools.hibernate.xml.ui,3.4.0.v20111213-1944-H40-M5,"org.jboss.tools.hibernate.xml.ui",1381633999718
stopped,bundle,org.jboss.tools.common.model.ui,3.3.0.v20111208-2036-H34-M5,"org.jboss.tools.common.model.ui",1381633999718
stopped,bundle,org.jboss.tools.common.text.ext,3.3.0.v20111208-2036-H34-M5,"org.jboss.tools.common.text.ext",1381633999718
stopped,bundle,org.eclipse.pde.ui,3.6.100.v20110603,"org.eclipse.pde.ui",1381633999764
stopped,bundle,org.eclipse.birt.report.designer.ui.editor.script,3.7.1.v20110905,"org.eclipse.birt.report.designer.ui.editor.script",1381633999764
stopped,bundle,org.eclipse.birt.report.designer.ui.editor.xml.wtp,3.7.1.v20110905,"org.eclipse.birt.report.designer.ui.editor.xml.wtp",1381633999764
stopped,bundle,org.eclipse.birt.report.designer.ui.lib.explorer,3.7.1.v20110905,"org.eclipse.birt.report.designer.ui.lib.explorer",1381633999764
stopped,bundle,org.eclipse.birt.report.designer.ui.lib,3.7.1.v20110905,"org.eclipse.birt.report.designer.ui.lib",1381633999764
stopped,bundle,org.eclipse.birt.report.designer.ui.editors.schematic,3.7.1.v20110905,"org.eclipse.birt.report.designer.ui.editors.schematic",1381633999764
stopped,bundle,org.jboss.tools.openshift.express.ui,2.3.0.v20111213-1457-H21-M5,"org.jboss.tools.openshift.express.ui",1381633999764
stopped,bundle,org.jboss.tools.common.ui,3.3.0.v20111208-2036-H34-M5,"org.jboss.tools.common.ui",1381633999764
stopped,bundle,org.eclipse.ui.cheatsheets,3.4.100.v20110425,"org.eclipse.ui.cheatsheets",1381633999764
stopped,bundle,org.hibernate.eclipse.help,3.4.0.v20111213-1944-H40-M5,"org.hibernate.eclipse.help",1381633999764
stopped,bundle,org.eclipse.help.ui,3.5.101.r37_20110819,"org.eclipse.help.ui",1381633999764
stopped,bundle,org.eclipse.help.webapp,3.6.0.v20110518,"org.eclipse.help.webapp",1381633999764
stopped,bundle,org.eclipse.epp.mpc.ui,1.1.1.I20110907-0947,"org.eclipse.epp.mpc.ui",1381633999764
stopped,bundle,org.eclipse.epp.usagedata.ui,1.3.1.R201106061540,"org.eclipse.epp.usagedata.ui",1381633999764
stopped,bundle,org.eclipse.ui.intro.universal,3.2.500.v20110510,"org.eclipse.ui.intro.universal",1381633999764
stopped,bundle,org.eclipse.wtp.epp.package.jee.intro,1.3.0.v201006142040,"org.eclipse.wtp.epp.package.jee.intro",1381633999764
stopped,bundle,org.eclipse.ui.intro,3.4.100.v20110425,"org.eclipse.ui.intro",1381633999764
stopped,bundle,org.eclipse.help.base,3.6.1.v201109091335,"org.eclipse.help.base",1381633999764
stopped,bundle,org.eclipse.equinox.http.jetty,2.0.100.v20110502,"org.eclipse.equinox.http.jetty",1381633999764
stopped,bundle,org.eclipse.wst.server.preview,1.1.100.v20091208,"org.eclipse.wst.server.preview",1381633999764
stopped,bundle,org.jboss.tools.gwt.ui,1.0.2.v20111208-2109-H29-M5,"org.jboss.tools.gwt.ui",1381633999764
stopped,bundle,org.jboss.tools.gwt.core,1.0.2.v20111208-2109-H29-M5,"org.jboss.tools.gwt.core",1381633999764
stopped,bundle,com.google.gwt.eclipse.sdkbundle,2.4.0.v201201120043-rel-r37,"com.google.gwt.eclipse.sdkbundle",1381633999764
stopped,bundle,com.google.gdt.eclipse.appengine.rpc,2.5.1.v201201120043-rel-r37,"com.google.gdt.eclipse.appengine.rpc",1381633999764
stopped,bundle,com.google.gdt.eclipse.maven.e37,2.5.1.v201201120043-rel-r37,"com.google.gdt.eclipse.maven.e37",1381633999764
stopped,bundle,com.google.gdt.eclipse.gph.e36,2.5.1.v201201120043-rel-r37,"com.google.gdt.eclipse.gph.e36",1381633999764
stopped,bundle,com.google.gdt.eclipse.gph.hge,2.5.1.v201201120043-rel-r37,"com.google.gdt.eclipse.gph.hge",1381633999764
stopped,bundle,com.google.gdt.eclipse.gph.subclipse,2.5.1.v201201120043-rel-r37,"com.google.gdt.eclipse.gph.subclipse",1381633999764
stopped,bundle,com.google.gdt.eclipse.gph.subversive,2.5.1.v201201120043-rel-r37,"com.google.gdt.eclipse.gph.subversive",1381633999764
stopped,bundle,com.google.gdt.eclipse.suite.ext,2.5.1.v201201120043-rel-r37,"com.google.gdt.eclipse.suite.ext",1381633999764
stopped,bundle,com.google.gdt.eclipse.gph,2.5.1.v201201120043-rel-r37,"com.google.gdt.eclipse.gph",1381633999764
stopped,bundle,com.google.gdt.eclipse.maven,2.5.1.v201201120043-rel-r37,"com.google.gdt.eclipse.maven",1381633999764
stopped,bundle,com.google.gdt.eclipse.suite,2.5.1.v201201120043-rel-r37,"com.google.gdt.eclipse.suite",1381633999764
stopped,bundle,com.google.gwt.eclipse.oophm,2.5.1.v201201120043-rel-r37,"com.google.gwt.eclipse.oophm",1381633999764
stopped,bundle,com.google.gwt.eclipse.core,2.5.1.v201201120043-rel-r37,"com.google.gwt.eclipse.core",1381633999952
stopped,bundle,com.google.appengine.eclipse.datatools,2.5.1.v201201120043-rel-r37,"com.google.appengine.eclipse.datatools",1381633999952
stopped,bundle,com.google.appengine.eclipse.sdkbundle,1.6.1.v201201120043r37,"com.google.appengine.eclipse.sdkbundle",1381633999952
stopped,bundle,com.google.gdt.eclipse.appsmarketplace,2.5.1.v201201120043-rel-r37,"com.google.gdt.eclipse.appsmarketplace",1381633999952
stopped,bundle,com.google.appengine.eclipse.core,2.5.1.v201201120043-rel-r37,"com.google.appengine.eclipse.core",1381633999952
stopped,bundle,com.google.gdt.eclipse.login,2.5.1.v201201120043-rel-r37,"com.google.gdt.eclipse.login",1381633999952
stopped,bundle,com.google.gdt.eclipse.managedapis,2.5.1.v201201120043-rel-r37,"com.google.gdt.eclipse.managedapis",1381634000201
stopped,bundle,com.google.gdt.eclipse.core,2.5.1.v201201120043-rel-r37,"com.google.gdt.eclipse.core",1381634000201
stopped,bundle,com.google.gdt.eclipse.platform,2.5.1.v201201120043-rel-r37,"com.google.gdt.eclipse.platform",1381634000201
stopped,bundle,com.google.gdt.eclipse.platform.e37,2.5.1.v201201120043-rel-r37,"com.google.gdt.eclipse.platform.e37",1381634000201
stopped,bundle,com.google.gdt.eclipse.platform.e36,2.5.1.v201201120043-rel-r36,"com.google.gdt.eclipse.platform.e36",1381634000201
stopped,bundle,org.jboss.tools.maven.core,1.3.0.v20111209-0524-H40-M5,"org.jboss.tools.maven.core",1381634000201
stopped,bundle,org.maven.ide.eclipse.wtp,0.14.0.20110928-2045,"org.maven.ide.eclipse.wtp",1381634000201
stopped,bundle,org.eclipse.m2e.jdt,1.0.100.20110804-1717,"org.eclipse.m2e.jdt",1381634000201
stopped,bundle,org.eclipse.m2e.discovery,1.0.100.20110804-1717,"org.eclipse.m2e.discovery",1381634000201
stopped,bundle,org.eclipse.m2e.refactoring,1.0.100.20110804-1717,"org.eclipse.m2e.refactoring",1381634000201
stopped,bundle,org.eclipse.m2e.editor,1.0.100.20110804-1717,"org.eclipse.m2e.editor",1381634000201
stopped,bundle,org.eclipse.m2e.editor.xml,1.0.100.20110804-1717,"org.eclipse.m2e.editor.xml",1381634000201
stopped,bundle,org.eclipse.m2e.launching,1.0.100.20110804-1717,"org.eclipse.m2e.launching",1381634000201
stopped,bundle,org.eclipse.m2e.core.ui,1.0.100.20110804-1717,"org.eclipse.m2e.core.ui",1381634000201
stopped,bundle,org.eclipse.m2e.usagedata,1.0.100.20110804-1717,"org.eclipse.m2e.usagedata",1381634000201
stopped,bundle,org.jboss.tools.forge.ui,1.0.0.v20111208-2108-H31-M5,"org.jboss.tools.forge.ui",1381634000201
stopped,bundle,org.eclipse.m2e.core,1.0.100.20110804-1717,"org.eclipse.m2e.core",1381634000201
stopped,bundle,org.eclipse.jst.ws.jaxws.ui,1.0.100.v201104032053,"org.eclipse.jst.ws.jaxws.ui",1381634000201
stopped,bundle,org.eclipse.jst.ws.jaxws.core,1.0.100.v201104031139,"org.eclipse.jst.ws.jaxws.core",1381634000201
stopped,bundle,org.eclipse.mylyn.bugzilla.ui,3.6.0.v20110608-1400,"org.eclipse.mylyn.bugzilla.ui",1381634000201
stopped,bundle,org.eclipse.mylyn.bugzilla.core,3.6.2.v20110903-0100,"org.eclipse.mylyn.bugzilla.core",1381634000201
stopped,bundle,org.eclipse.mylyn.commons.xmlrpc,3.6.0.v20110608-1400,"org.eclipse.mylyn.commons.xmlrpc",1381634000201
stopped,bundle,org.eclipse.datatools.enablement.oda.ws.ui,1.2.2.v201105111200,"org.eclipse.datatools.enablement.oda.ws.ui",1381634000201
stopped,bundle,org.eclipse.datatools.enablement.oda.ws,1.2.2.v201106161731,"org.eclipse.datatools.enablement.oda.ws",1381634000201
stopped,bundle,org.eclipse.wst.wsdl,1.2.202.v201108230355,"org.eclipse.wst.wsdl",1381634000201
stopped,bundle,org.eclipse.wst.wsdl.validation,1.1.502.v201104071820,"org.eclipse.wst.wsdl.validation",1381634000201
stopped,bundle,org.eclipse.wst.xsl.exslt.ui,1.0.0.v201006012005,"org.eclipse.wst.xsl.exslt.ui",1381634000201
stopped,bundle,org.eclipse.wst.xsl.jaxp.debug.ui,1.0.200.v201103081922,"org.eclipse.wst.xsl.jaxp.debug.ui",1381634000201
stopped,bundle,org.eclipse.wst.xsl.ui,1.1.200.v201103082057,"org.eclipse.wst.xsl.ui",1381634000201
stopped,bundle,org.eclipse.wst.xml.xpath.ui,1.1.100.v201105030025,"org.eclipse.wst.xml.xpath.ui",1381634000201
stopped,bundle,org.eclipse.wst.xsl.debug.ui,1.0.200.v201101281837,"org.eclipse.wst.xsl.debug.ui",1381634000201
stopped,bundle,org.eclipse.wst.xsl.jaxp.launching,1.0.200.v201103081922,"org.eclipse.wst.xsl.jaxp.launching",1381634000201
stopped,bundle,org.eclipse.wst.xsl.launching,1.0.200.v201103081922,"org.eclipse.wst.xsl.launching",1381634000201
stopped,bundle,org.eclipse.wst.xsl.core,1.1.100.v201102270516,"org.eclipse.wst.xsl.core",1381634000201
stopped,bundle,org.eclipse.wst.xml.xpath.core,1.2.1.v201109010357,"org.eclipse.wst.xml.xpath.core",1381634000201
stopped,bundle,org.eclipse.birt.report.data.oda.xml.ui,3.7.1.v20110905,"org.eclipse.birt.report.data.oda.xml.ui",1381634000201
stopped,bundle,org.eclipse.datatools.enablement.oda.xml.ui,1.2.1.v201104211630,"org.eclipse.datatools.enablement.oda.xml.ui",1381634000201
stopped,bundle,org.eclipse.birt.report.data.oda.xml,3.7.1.v20110905,"org.eclipse.birt.report.data.oda.xml",1381634000201
stopped,bundle,org.eclipse.datatools.enablement.oda.xml,1.2.1.v201104121500,"org.eclipse.datatools.enablement.oda.xml",1381634000201
stopped,bundle,org.eclipse.wst.xml.xpath2.wtptypes,2.0.0.v201103212215,"org.eclipse.wst.xml.xpath2.wtptypes",1381634000201
stopped,bundle,org.eclipse.mylyn.ide.ant,3.6.0.v20110608-1400,"org.eclipse.mylyn.ide.ant",1381634000201
stopped,bundle,org.eclipse.mylyn.java.ui,3.6.0.v20110608-1400,"org.eclipse.mylyn.java.ui",1381634000201
stopped,bundle,org.eclipse.mylyn.ide.ui,3.6.0.v20110608-1400,"org.eclipse.mylyn.ide.ui",1381634000201
stopped,bundle,org.eclipse.mylyn.team.ui,3.6.1.v20110825-0100,"org.eclipse.mylyn.team.ui",1381634000201
stopped,bundle,org.eclipse.mylyn.resources.ui,3.6.0.v20110608-1400,"org.eclipse.mylyn.resources.ui",1381634000201
stopped,bundle,org.eclipse.mylyn.wikitext.tasks.ui,1.5.0.v20110608-1400,"org.eclipse.mylyn.wikitext.tasks.ui",1381634000201
stopped,bundle,org.eclipse.mylyn.context.ui,3.6.0.v20110608-1400,"org.eclipse.mylyn.context.ui",1381634000201
stopped,bundle,org.eclipse.mylyn.help.ui,3.6.1.v20110830-0100,"org.eclipse.mylyn.help.ui",1381634000201
stopped,bundle,org.eclipse.mylyn.java.tasks,3.6.0.v20110608-1400,"org.eclipse.mylyn.java.tasks",1381634000201
stopped,bundle,org.eclipse.mylyn.tasks.bugs,3.6.1.v20110825-0100,"org.eclipse.mylyn.tasks.bugs",1381634000201
stopped,bundle,org.eclipse.mylyn.tasks.ui,3.6.4.v20111117-0100,"org.eclipse.mylyn.tasks.ui",1381634000201
stopped,bundle,org.jboss.tools.struts.verification,3.3.0.v20111207-0022-H37-M5,"org.jboss.tools.struts.verification",1381634000201
stopped,bundle,org.jboss.tools.struts,3.3.0.v20111207-0022-H37-M5,"org.jboss.tools.struts",1381634000201
stopped,bundle,org.eclipse.birt.chart.device.pdf,3.7.1.v20110905,"org.eclipse.birt.chart.device.pdf",1381634000201
stopped,bundle,org.eclipse.birt.report.designer.ui.cubebuilder,3.7.1.v20110905,"org.eclipse.birt.report.designer.ui.cubebuilder",1381634000201
stopped,bundle,org.eclipse.birt.report.designer.ui.data,3.7.1.v20110905,"org.eclipse.birt.report.designer.ui.data",1381634000201
stopped,bundle,org.eclipse.birt.report.designer.ui.editors,3.7.1.v20110905,"org.eclipse.birt.report.designer.ui.editors",1381634000201
stopped,bundle,org.eclipse.birt.report.designer.ui.views,3.7.1.v20110905,"org.eclipse.birt.report.designer.ui.views",1381634000201
stopped,bundle,org.eclipse.birt.report.designer.ui,3.7.1.v20110905,"org.eclipse.birt.report.designer.ui",1381634000201
stopped,bundle,org.eclipse.birt.report.designer.core,3.7.1.v20110905,"org.eclipse.birt.report.designer.core",1381634000201
stopped,bundle,org.eclipse.birt.report.engine.emitter.ods,3.7.1.v20110905,"org.eclipse.birt.report.engine.emitter.ods",1381634000201
stopped,bundle,org.eclipse.birt.report.engine.emitter.prototype.excel,3.7.1.v20110905,"org.eclipse.birt.report.engine.emitter.prototype.excel",1381634000201
stopped,bundle,org.eclipse.birt.chart.reportitem,3.7.1.v20110905,"org.eclipse.birt.chart.reportitem",1381634000201
stopped,bundle,org.eclipse.birt.report.engine.dataextraction.csv,3.7.1.v20110905,"org.eclipse.birt.report.engine.dataextraction.csv",1381634000201
stopped,bundle,org.eclipse.birt.report.engine.dataextraction,3.7.1.v20110905,"org.eclipse.birt.report.engine.dataextraction",1381634000201
stopped,bundle,org.eclipse.birt.report.engine.emitter.excel.config,3.7.1.v20110905,"org.eclipse.birt.report.engine.emitter.excel.config",1381634000201
stopped,bundle,org.eclipse.birt.report.engine.emitter.html.config,3.7.1.v20110905,"org.eclipse.birt.report.engine.emitter.html.config",1381634000201
stopped,bundle,org.eclipse.birt.report.engine.emitter.odp.config,3.7.1.v20110905,"org.eclipse.birt.report.engine.emitter.odp.config",1381634000201
stopped,bundle,org.eclipse.birt.report.engine.emitter.ods.config,3.7.1.v20110905,"org.eclipse.birt.report.engine.emitter.ods.config",1381634000201
stopped,bundle,org.eclipse.birt.report.engine.emitter.odt.config,3.7.1.v20110905,"org.eclipse.birt.report.engine.emitter.odt.config",1381634000201
stopped,bundle,org.eclipse.birt.report.engine.emitter.pdf.config,3.7.1.v20110905,"org.eclipse.birt.report.engine.emitter.pdf.config",1381634000201
stopped,bundle,org.eclipse.birt.report.engine.emitter.postscript.config,3.7.1.v20110905,"org.eclipse.birt.report.engine.emitter.postscript.config",1381634000201
stopped,bundle,org.eclipse.birt.report.engine.emitter.ppt.config,3.7.1.v20110905,"org.eclipse.birt.report.engine.emitter.ppt.config",1381634000201
stopped,bundle,org.eclipse.birt.report.engine.emitter.wpml.config,3.7.1.v20110905,"org.eclipse.birt.report.engine.emitter.wpml.config",1381634000201
stopped,bundle,org.eclipse.birt.report.engine.emitter.config,3.7.1.v20110905,"org.eclipse.birt.report.engine.emitter.config",1381634000201
stopped,bundle,org.eclipse.birt.report.engine.emitter.html,3.7.1.v20110905,"org.eclipse.birt.report.engine.emitter.html",1381634000201
stopped,bundle,org.eclipse.birt.report.engine.emitter.odp,3.7.1.v20110905,"org.eclipse.birt.report.engine.emitter.odp",1381634000201
stopped,bundle,org.eclipse.birt.report.engine.emitter.odt,3.7.1.v20110905,"org.eclipse.birt.report.engine.emitter.odt",1381634000201
stopped,bundle,org.eclipse.birt.report.engine.emitter.pdf,3.7.1.v20110905,"org.eclipse.birt.report.engine.emitter.pdf",1381634000201
stopped,bundle,org.eclipse.birt.report.engine.emitter.ppt,3.7.1.v20110905,"org.eclipse.birt.report.engine.emitter.ppt",1381634000201
stopped,bundle,org.eclipse.birt.report.engine.emitter.wpml,3.7.1.v20110905,"org.eclipse.birt.report.engine.emitter.wpml",1381634000201
stopped,bundle,org.eclipse.birt.report.engine.odf,3.7.1.v20110905,"org.eclipse.birt.report.engine.odf",1381634000201
stopped,bundle,org.eclipse.birt.report.engine.script.javascript,3.7.1.v20110905,"org.eclipse.birt.report.engine.script.javascript",1381634000201
stopped,bundle,org.eclipse.birt.report.item.crosstab.core,3.7.1.v20110905,"org.eclipse.birt.report.item.crosstab.core",1381634000201
stopped,bundle,org.eclipse.birt.report.engine,3.7.1.v20110905,"org.eclipse.birt.report.engine",1381634000201
stopped,bundle,org.eclipse.birt.report.data.oda.hive.ui,3.7.1.v20110905,"org.eclipse.birt.report.data.oda.hive.ui",1381634000201
stopped,bundle,org.eclipse.birt.report.data.oda.hive,3.7.1.v20110905,"org.eclipse.birt.report.data.oda.hive",1381634000201
stopped,bundle,org.eclipse.birt.report.data.oda.jdbc.dbprofile,3.7.1.v20110905,"org.eclipse.birt.report.data.oda.jdbc.dbprofile",1381634000201
stopped,bundle,org.eclipse.birt.report.data.oda.jdbc.ui,3.7.1.v20110905,"org.eclipse.birt.report.data.oda.jdbc.ui",1381634000201
stopped,bundle,org.eclipse.birt.report.data.oda.jdbc.dbprofile.sampledb,3.7.1.v20110905,"org.eclipse.birt.report.data.oda.jdbc.dbprofile.sampledb",1381634000201
stopped,bundle,org.eclipse.birt.report.data.oda.sampledb.ui,3.7.1.v20110905,"org.eclipse.birt.report.data.oda.sampledb.ui",1381634000201
stopped,bundle,org.eclipse.birt.report.data.oda.sampledb,3.7.1.v20110905,"org.eclipse.birt.report.data.oda.sampledb",1381634000201
stopped,bundle,org.eclipse.birt.report.data.oda.jdbc,3.7.1.v20110905,"org.eclipse.birt.report.data.oda.jdbc",1381634000201
stopped,bundle,org.eclipse.jst.jsf.facelet.core,1.0.100.v201104191527,"org.eclipse.jst.jsf.facelet.core",1381634000201
stopped,bundle,org.eclipse.jst.jsf.core,1.3.105.v201108261005,"org.eclipse.jst.jsf.core",1381634000201
stopped,bundle,org.eclipse.wst.jsdt.web.support.jsp,1.0.400.v201102241833,"org.eclipse.wst.jsdt.web.support.jsp",1381634000201
stopped,bundle,org.eclipse.wst.jsdt.web.ui,1.0.401.v201108152113,"org.eclipse.wst.jsdt.web.ui",1381634000201
stopped,bundle,org.eclipse.jst.jsf.standard.tagsupport,1.2.100.v201104061711,"org.eclipse.jst.jsf.standard.tagsupport",1381634000201
stopped,bundle,org.eclipse.jst.pagedesigner.jsp.core,1.2.0.v20100308,"org.eclipse.jst.pagedesigner.jsp.core",1381634000201
stopped,bundle,org.eclipse.jst.jsf.common,1.2.3.v201104061039,"org.eclipse.jst.jsf.common",1381634000201
stopped,bundle,org.jboss.tools.cdi.xml,1.2.0.v20111208-2203-H35-M5,"org.jboss.tools.cdi.xml",1381634000201
stopped,bundle,org.jboss.tools.jst.web.tiles,3.3.0.v20111208-2115-H35-M5,"org.jboss.tools.jst.web.tiles",1381634000201
stopped,bundle,org.jboss.tools.jst.web.verification,3.3.0.v20111208-2115-H35-M5,"org.jboss.tools.jst.web.verification",1381634000201
stopped,bundle,org.jboss.tools.seam.pages.xml,3.3.0.v20111207-1453-H52-M5,"org.jboss.tools.seam.pages.xml",1381634000201
stopped,bundle,org.jboss.tools.seam.xml,3.3.0.v20111207-1453-H52-M5,"org.jboss.tools.seam.xml",1381634000201
stopped,bundle,org.jboss.tools.jst.web,3.3.0.v20111208-2115-H35-M5,"org.jboss.tools.jst.web",1381634000201
stopped,bundle,org.eclipse.birt.chart.integration.wtp.ui,3.7.1.v20110905-1820,"org.eclipse.birt.chart.integration.wtp.ui",1381634000201
stopped,bundle,org.jboss.tools.birt.core,1.3.0.v20111208-2002-H38-M5,"org.jboss.tools.birt.core",1381634000201
stopped,bundle,org.eclipse.birt.integration.wtp.ui,3.7.1.v20110905-1820,"org.eclipse.birt.integration.wtp.ui",1381634000201
stopped,bundle,org.eclipse.jst.jsp.ui,1.1.602.v201112071516,"org.eclipse.jst.jsp.ui",1381634000201
stopped,bundle,org.eclipse.jst.jsp.core,1.2.402.v201112071853,"org.eclipse.jst.jsp.core",1381634000201
stopped,bundle,org.eclipse.jpt.jaxb.eclipselink.ui,1.1.0.v201105110000,"org.eclipse.jpt.jaxb.eclipselink.ui",1381634000201
stopped,bundle,org.eclipse.jpt.jaxb.ui,1.1.1.v201108080010,"org.eclipse.jpt.jaxb.ui",1381634000201
stopped,bundle,org.eclipse.jst.ejb.ui,1.1.600.v201104261451,"org.eclipse.jst.ejb.ui",1381634000201
stopped,bundle,org.jboss.ide.eclipse.as.jmx.integration,2.3.0.v20111213-1423-H61-M5,"org.jboss.ide.eclipse.as.jmx.integration",1381634000201
stopped,bundle,org.jboss.ide.eclipse.as.ui,2.3.0.v20111213-1423-H61-M5,"org.jboss.ide.eclipse.as.ui",1381634000201
stopped,bundle,org.eclipse.jst.servlet.ui,1.1.501.v201108220630,"org.eclipse.jst.servlet.ui",1381634000201
stopped,bundle,org.eclipse.jst.ws.jaxws.dom.integration,1.0.100.v201101252155,"org.eclipse.jst.ws.jaxws.dom.integration",1381634000201
stopped,bundle,org.eclipse.jst.jee.ui,1.0.400.v201105122000,"org.eclipse.jst.jee.ui",1381634000201
stopped,bundle,org.eclipse.jst.j2ee.navigator.ui,1.1.501.v201107261503,"org.eclipse.jst.j2ee.navigator.ui",1381634000201
stopped,bundle,org.eclipse.jst.j2ee.jca.ui,1.1.400.v201004150700,"org.eclipse.jst.j2ee.jca.ui",1381634000201
stopped,bundle,org.jboss.tools.common.jdt.ui,3.3.0.v20111208-2036-H34-M5,"org.jboss.tools.common.jdt.ui",1381634000201
stopped,bundle,org.eclipse.jst.j2ee.ui,1.1.501.v201108231700,"org.eclipse.jst.j2ee.ui",1381634000201
stopped,bundle,org.eclipse.wst.web.ui,1.1.500.v201111030500,"org.eclipse.wst.web.ui",1381634000201
stopped,bundle,org.eclipse.wst.html.ui,1.0.602.v201202091936,"org.eclipse.wst.html.ui",1381634000201
stopped,bundle,org.eclipse.wst.css.ui,1.0.601.v201201101544,"org.eclipse.wst.css.ui",1381634000201
stopped,bundle,org.eclipse.wst.jsdt.web.core,1.0.401.v201108152113,"org.eclipse.wst.jsdt.web.core",1381634000201
stopped,bundle,org.eclipse.wst.html.core,1.1.502.v201202091936,"org.eclipse.wst.html.core",1381634000201
stopped,bundle,org.eclipse.wst.css.core,1.1.501.v201111292150,"org.eclipse.wst.css.core",1381634000201
stopped,bundle,org.eclipse.jpt.jaxb.eclipselink.core,1.0.0.v201105180000,"org.eclipse.jpt.jaxb.eclipselink.core",1381634000201
stopped,bundle,org.eclipse.jpt.jpa.eclipselink.core,2.0.1.v201108303010,"org.eclipse.jpt.jpa.eclipselink.core",1381634000201
stopped,bundle,org.eclipse.jpt.common.eclipselink.core,1.0.1.v201108080010,"org.eclipse.jpt.common.eclipselink.core",1381634000201
stopped,bundle,org.eclipse.jpt.jaxb.core,1.0.1.v201108080010,"org.eclipse.jpt.jaxb.core",1381634000342
stopped,bundle,org.eclipse.jpt.jpa.core,3.0.1.v201109073010,"org.eclipse.jpt.jpa.core",1381634000342
stopped,bundle,org.eclipse.jst.jsf.facesconfig,1.2.2.v201105031140,"org.eclipse.jst.jsf.facesconfig",1381634000342
stopped,bundle,org.jboss.tools.common.text.xml,3.3.0.v20111208-2036-H34-M5,"org.jboss.tools.common.text.xml",1381634000342
stopped,bundle,org.eclipse.wst.dtd.ui,1.0.600.v201103171359,"org.eclipse.wst.dtd.ui",1381634000342
stopped,bundle,org.eclipse.wst.dtd.core,1.1.501.v201107252021,"org.eclipse.wst.dtd.core",1381634000342
stopped,bundle,org.eclipse.wst.xsd.ui,1.2.404.v201105050216,"org.eclipse.wst.xsd.ui",1381634000342
stopped,bundle,org.eclipse.m2e.model.edit,1.0.100.20110804-1717,"org.eclipse.m2e.model.edit",1381634000342
stopped,bundle,org.eclipse.wst.xsd.core,1.1.600.v201104070312,"org.eclipse.wst.xsd.core",1381634000342
stopped,bundle,org.jboss.ide.eclipse.as.management.as7,2.3.0.v20111213-1423-H61-M5,"org.jboss.ide.eclipse.as.management.as7",1381634000342
stopped,bundle,org.jboss.ide.eclipse.as.management.as71,2.3.0.v20111213-1423-H61-M5,"org.jboss.ide.eclipse.as.management.as71",1381634000342
stopped,bundle,org.jboss.tools.openshift.egit.ui,2.3.0.v20111213-1457-H21-M5,"org.jboss.tools.openshift.egit.ui",1381634000342
stopped,bundle,org.jboss.tools.openshift.egit.core,2.3.0.v20111213-1457-H21-M5,"org.jboss.tools.openshift.egit.core",1381634000342
stopped,bundle,org.jboss.tools.runtime.as.detector,1.3.0.v20111208-1602-H41-M5,"org.jboss.tools.runtime.as.detector",1381634000342
stopped,bundle,org.jboss.ide.eclipse.as.core,2.3.0.v20111213-1423-H61-M5,"org.jboss.ide.eclipse.as.core",1381634000342
stopped,bundle,org.jboss.tools.common.validation,3.3.0.v20111208-2036-H34-M5,"org.jboss.tools.common.validation",1381634000342
stopped,bundle,org.jboss.tools.common.el.core,3.3.0.v20111208-2036-H34-M5,"org.jboss.tools.common.el.core",1381634000342
stopped,bundle,org.jboss.tools.common.gef,3.3.0.v20111208-2036-H34-M5,"org.jboss.tools.common.gef",1381634000342
stopped,bundle,org.jboss.tools.common.jdt,3.3.0.v20111208-2036-H34-M5,"org.jboss.tools.common.jdt",1381634000342
